id,name,assoc_names,original_language,authors,genres,tags,start_year,licensed,original_publisher,english_publisher,complete_original,chapters_original_current,complete_translated,chapter_latest_translated,release_freq,activity_week_rank,activity_month_rank,activity_all_time_rank,on_reading_lists,reading_list_month_rank,reading_list_all_time_rank,rating,rating_votes,related_series_ids,recommended_series_ids,recommendation_list_ids
2765,A Record of a Mortal’s Journey to Immortality,"['Fan Ren Xiu Xian Chuan', 'Phàm Nhân Tu Tiên', 'RMJI', '凡人修仙传']",chinese,"['wang yu', '忘语']","['action', 'adventure', 'fantasy', 'martial arts', 'mature', 'xianxia']","['adapted to anime', 'adapted to manhua', 'age progression', 'alchemy', 'androgynous characters', 'appearance different from actual age', 'artifacts', 'average-looking protagonist', 'beast companions', 'beautiful female lead', 'body tempering', 'calm protagonist', 'cautious protagonist', 'character growth', 'clever protagonist', 'crafting', 'cultivation', 'dao companion', 'demons', 'dragons', 'eidetic memory', 'eye powers', 'hard-working protagonist', 'heavenly tribulation', 'hiding true abilities', 'immortals', 'loner protagonist', 'long separations', 'lucky protagonist', 'magic formations', 'male protagonist', 'marriage', 'mature protagonist', 'multiple realms', 'multiple reincarnated individuals', 'older love interests', 'phoenixes', 'pill based cultivation', 'pill concocting', 'pragmatic protagonist', 'protagonist with multiple bodies', 'puppeteers', 'romantic subplot', 'ruthless protagonist', 'schemes and conspiracies', 'secretive protagonist', 'slow growth at start', 'soul power', 'souls', 'spirit advisor', 'strength-based social hierarchy', 'sword wielder', 'time skip', 'wars', 'weak to strong']",2008,True,qidian,wuxiaworld,True,2446 chapters,False,c2020,0.4,41,41,70,9667,48,195,4.0,702,"[180, 4745, 31019]",[15],"[24920, 24275, 23691, 23597, 23285]"
38642,After Transmigrating I Made The Antagonist Cry,"['穿书后我把反派弄哭了［娱乐圈］', '穿書後我把反派弄哭了［娛樂圈］']",chinese,['喬木裏'],"['comedy', 'drama', 'romance', 'yaoi']","['acting', 'clingy lover', 'confident protagonist', 'handsome male lead', 'love interest falls in love first', 'possessive characters', 'seme protagonist', 'transmigration', 'transported to another world', 'wealthy characters']",2020,,jjwxc,,True,75 chapters,False,c38 part1,0.9,136,151,3078,1151,142,3636,3.9,35,,[23422],"[24854, 24848, 24613, 24453, 24278]"
33048,Ancient Foodie Survival Guide,"['AFSG', '古代吃货生存指南']",chinese,"['coke ginger soup', 'kělè jiāng tāng', '可乐姜汤']","['comedy', 'josei', 'romance', 'slice of life']","['ancient china', 'ancient times', 'beautiful female lead', 'carefree protagonist', 'comedic undertone', 'cooking', 'couple growth', 'court official', 'female protagonist', 'forced marriage', 'handsome male lead', 'love interest falls in love first', 'mismatched couple', 'slow romance', 'transmigration']",2020,,jjwxc,,True,109 chapters,False,c41,10.9,4031,4744,3154,1046,3398,3840,4.3,44,,[16324],"[23972, 23044, 23004, 21636, 20313]"
28769,"Back to the Sixties: Farm, Get Wealthy & Raise the Cubs",['重回六零：种田发家养崽崽'],chinese,"['nanfanglizhi', 'southern lychee', '南方荔枝']","['historical', 'josei', 'romance', 'slice of life', 'supernatural']","['age progression', 'beautiful female lead', 'business management', 'caring protagonist', 'cheats', 'childcare', 'clingy lover', 'cooking', 'economics', 'family', 'farming', 'fast learner', 'female protagonist', 'magical space', 'management', 'modern knowledge', 'money grubber', 'nationalism', 'poor to rich', 'pragmatic protagonist', 'pregnancy', 'proactive protagonist', 'teachers', 'time skip', 'time travel', 'transmigration']",,,aliwx / alibaba literature,,True,701 chapters,False,c298,0.9,23,15,443,3760,14,1211,4.5,228,,[31046],"[24993, 24850, 24810, 24621, 24421]"
15502,Chronicles of a Creative Different World Reincarnation,"['Living a different world strongly with universal creative skills! (New Title)', '万能すぎる創造スキルで異世界を強かに生きる！(New Title)', '創造の異世界転生記']",japanese,"['hihīrokane', 'ヒヒイロカネ']","['action', 'adventure', 'fantasy', 'harem', 'romance', 'tragedy']","['beast companions', 'beastkin', 'betrayal', 'character growth', 'cheats', 'death of loved ones', 'dungeons', 'elves', 'fantasy world', 'game elements', 'handsome male lead', 'level system', 'male protagonist', 'multiple transported individuals', 'nobles', 'polygamy', 'reincarnation', 'revenge', 'ruthless protagonist', 'skill creation', 's*aves', 'sword and magic', 'wars', 'weak to strong']",2017,False,alpha polis,,False,7,False,v1c1 part4,74.0,958,1551,2524,1791,1851,2679,3.2,72,,[6612],
2989,Da Tang Shuang Long Zhuan,"['Legend of Great Tang’s Twin Dragons', ""The History of the Tang Dynasty's Two Dragons"", '大唐双龙传']",chinese,"['huang yi', '黄易']","['action', 'adventure', 'romance', 'tragedy', 'wuxia']","['adapted to drama', 'adapted to manhua', 'ancient china', 'artifacts', 'assassins', 'clever protagonist', 'comedic undertone', 'cultivation', 'friendship', 'handsome male lead', 'male protagonist', 'military', 'multiple protagonists', 'weak to strong']",1996,False,yunnan people's publishing house,,True,63 volumes,False,v51c7,2.9,4313,4735,2206,2948,6277,1673,4.1,126,,[3729],"[17145, 13955, 11415, 10496, 8005]"
38285,Dandere General and his Lord,"['DGL', '将军总被欺负哭']",chinese,['龚心文'],"['gender bender', 'historical', 'josei', 'romance']","['ancient china', 'boss-subordinate relationship', 'cheats', 'clever protagonist', 'cross-dressing', 'devoted love interests', 'different social status', 'female protagonist', 'generals', 'hard-working protagonist', 'inferiority complex', 'kingdom building', 'leadership', 'loyal subordinates', 'military', 'royalty', 's*aves', 'tomboyish female lead', 'transmigration', 'wars']",2019,,jjwxc,,True,117 chapters,False,c33,1.7,831,872,4640,486,1253,5642,4.3,28,[27467],[20083],"[24985, 23972, 23927, 23600, 23384]"
18263,Dragon Prince Yuan,"['Venerable Yuan', 'Yuan Zun', '元尊', '원존: 용의 비상']",chinese,"['heavenly silkworm potato', 'tian can tu dou', '天蚕土豆']","['action', 'adventure', 'martial arts', 'xuanhuan']","['academy', 'adapted to manhua', 'ancient china', 'aristocracy', 'arrogant characters', 'battle academy', 'beautiful female lead', 'books', 'bookworm', 'caring protagonist', 'charismatic protagonist', 'charming protagonist', 'childhood friends', 'destiny', 'enemies become allies', 'familial love', 'fantasy world', 'handsome male lead', 'male protagonist', 'mature protagonist', 'multiple realms', 'romantic subplot', 'royalty', 'schemes and conspiracies', 'sickly characters', 'strength-based social hierarchy', 'weak to strong']",2017,True,zongheng,wuxiaworld,True,1497 chapters,False,c1051,0.5,60,59,328,2193,58,2249,3.2,95,"[16, 840, 847, 6147]",[14],"[16852, 16590, 16134, 9183, 7396]"
24039,Dungeon Defense (WN),"['Ver. 1', '던전디펜스']",korean,"['yoo heonhwa', '유헌화']","['adult', 'comedy', 'drama', 'fantasy', 'harem', 'psychological', 'romance', 'seinen', 'tragedy']","['calm protagonist', 'confident protagonist', 'cunning protagonist', 'dark', 'death of loved ones', 'demon lord', 'demons', 'dungeon master', 'f*llatio', 'genius protagonist', 'humanoid protagonist', 'male protagonist', 'manipulative characters', 'nobles', 'personality changes', 'r-18', 'ruthless protagonist', 'schemes and conspiracies', 'selfish protagonist', 'strategist', 'transmigration', 'transported into a game world', 'twisted personality', 'underestimated protagonist', 'unreliable narrator', 'weak protagonist', 'yandere']",,False,youngsang publishing media,,True,510 chapters,False,c123,2.5,192,180,1386,2992,233,1647,4.3,133,[6949],[6949],"[23530, 22575, 22535, 21241, 20735]"
37920,Evil Doctor Princess,['邪医狂妃：王爷药别停'],chinese,[],"['comedy', 'drama', 'josei', 'romance']","['ancient china', 'artificial intelligence', 'female protagonist']",,,,,False,,False,c189,1.0,2412,2009,7418,207,4352,7472,2.7,7,,,
15752,Extraordinary Genius,"['Chāo pǐn qícái', '超品奇才']",chinese,"['qióng sì', '穷四']","['harem', 'mature', 'school life', 'seinen', 'slice of life']","['arrogant characters', 'business management', 'businessmen', 'calm protagonist', 'clever protagonist', 'discrimination', 'gangs', 'hard-working protagonist', 'industrialization', 'male protagonist', 'mature protagonist', 'modern day', 'modern knowledge', 'money grubber', 'nationalism', 'politics', 'polygamy', 'poor to rich', 'racism', 'romantic subplot', 'second chance', 'shameless protagonist', 'tragic past']",2015,False,qidian,,True,2090 chapters,False,c1180,0.9,288,228,223,3637,222,1265,3.6,277,,[6001],"[22468, 16993, 16146, 15581, 14447]"
32799,Forcefully Doting On You,['偏要宠爱我'],chinese,['铃鹿'],"['comedy', 'martial arts', 'romance', 'yaoi']","['acting', 'ancient times', 'artists', 'black belly', 'celebrities', 'charismatic protagonist', 'charming protagonist', 'cute protagonist', 'dense protagonist', 'devoted love interests', 'handsome male lead', 'hard-working protagonist', 'love interest falls in love first', 'masochistic characters', 'mob protagonist', 'modern day', 'modern knowledge', 'multiple realms', 'possessive characters', 'showbiz', 'stalkers', 'strong love interests', 'system administrator', 'transmigration', 'transported to another world', 'world hopping']",2019,False,jjwxc,,True,135 chapters,False,c36,7.4,388,632,2231,1997,836,2447,3.9,83,,[15448],"[25207, 24450, 23889, 23743, 22054]"
31655,Fortune Teller Master,['算命大师是学霸'],chinese,"['xinyongka', '信用卡']","['comedy', 'mystery', 'school life', 'slice of life', 'supernatural', 'xianxia']","['beast companions', 'clever protagonist', 'comedic undertone', 'cultivation', 'cute protagonist', 'dense protagonist', 'divination', 'familial love', 'female protagonist', 'feng shui', 'ghosts', 'helpful protagonist', 'late romance', 'lucky protagonist', 'modern day', 'mystery solving', 'poor to rich', 'romantic subplot', 'transmigration']",2018,,,,True,138 chapters,False,c42 part2,1.9,232,191,2120,814,267,4406,4.7,51,,[10881],"[23623, 23384, 23015, 21804, 20739]"
28303,Game of Divine Thrones,['신좌의 게임'],korean,"['jang myeongsu', '장명수']","['action', 'adventure', 'fantasy', 'harem', 'seinen', 'supernatural']","['calm protagonist', 'cold protagonist', 'confident protagonist', 'demi-humans', 'demon lord', 'demons', 'determined protagonist', 'dungeons', 'fantasy creatures', 'fantasy world', 'game elements', 'goddesses', 'gods', 'hard-working protagonist', 'level system', 'loyal subordinates', 'male protagonist', 'monster tamer', 'monsters', 'necromancer', 'overpowered protagonist', 'previous life talent', 'protagonist strong from the start', 'race change', 'ruthless protagonist', 'second chance', 'sword and magic', 'time travel', 'transported to another world', 'vampires', 'wars', 'weak to strong']",2016,True,breathe,wuxiaworld,True,275 chapters,False,v11c271,0.9,705,684,1168,1817,637,2649,3.2,82,,[5764],"[21241, 13634, 12536, 11416, 9938]"
17593,"Godly Farmer Doctor: Arrogant Husband, Can’t Afford to Offend!",['傲娇夫君，惹不起！'],chinese,"['xiao xiao mu tong', '小小牧童']","['josei', 'romance', 'wuxia']","['affair', 'amnesia', 'ancient china', 'arranged marriage', 'beautiful female lead', 'calm protagonist', 'caring protagonist', 'clever protagonist', 'complex family relationships', 'cooking', 'farming', 'female protagonist', 'generals', 'handsome male lead', 'imperial harem', 'love triangles', 'medical knowledge', 'modern knowledge', 'older love interests', 'pill concocting', 'politics', 'poor protagonist', 'poor to rich', 'royalty', 'schemes and conspiracies', 'slow romance', 'time travel', 'transmigration']",2017,False,yunqi,,True,1891 chapters,False,c827,0.7,135,152,227,4648,190,899,3.8,128,,[22848],"[22960, 19671, 18874, 18229, 18179]"
38723,Gossip King,['纯禽记者'],chinese,"['gao leng de mu xiao jing', '高冷的沐小婧']","['comedy', 'drama', 'josei', 'romance']","['male protagonist', 'modern day', 'photography', 'reincarnation', 'weak to strong', 'wealthy characters']",2021,True,zongheng,tapread,True,,False,c103,1.0,3098,4217,8322,87,7949,8633,2.7,3,,,
30723,"Greetings, Ninth Uncle",['九叔万福'],chinese,"['september flowing fire', '九月流火']","['drama', 'historical', 'josei', 'romance']","['ancient china', 'aristocracy', 'beautiful female lead', 'broken engagement', 'calm protagonist', 'clever protagonist', 'determined protagonist', 'devoted love interests', 'doting love interests', 'female protagonist', 'flashbacks', 'handsome male lead', 'hard-working protagonist', 'love interest falls in love first', 'older love interests', 'possessive characters', 'pragmatic protagonist', 'pregnancy', 'royalty', 'schemes and conspiracies', 'second chance', 'secret identity', 'tragic past', 'twins']",2019,,jjwxc,,True,144 chapters,False,c66 part3,1.9,47,43,803,4311,70,1016,4.6,197,,[34370],"[24993, 24832, 24694, 24460, 24387]"
16293,Horror University,"['High School Horror', '恐怖高校']",chinese,"['da song fu hong fang', '大宋福红坊']","['horror', 'xuanhuan']","['ghosts', 'male protagonist']",2018,True,zongheng,tapread,True,1276 chapters,False,c297,1.0,3521,3388,7088,200,5615,7546,3.4,16,,,
29440,I Became the Black Swan Mother of the White Swan Princess,"['IBBSMWSP', '백조 공주님의 흑조 엄마가 되었습니다']",korean,"['aperta', '아페르타']","['drama', 'fantasy', 'romance', 'shoujo', 'slice of life', 'supernatural']","['adopted children', 'animal characteristics', 'animal rearing', 'beautiful female lead', 'calm protagonist', 'childcare', 'curses', 'cute children', 'doting parents', 'empires', 'european ambience', 'familial love', 'family', 'female protagonist', 'handsome male lead', 'kingdoms', 'love interest falls in love first', 'magic', 'mob protagonist', 'nobles', 'persistent love interests', 'royalty', 'shapeshifters', 'sword and magic', 'tragic past', 'transformation ability', 'transmigration', 'transported to another world', 'younger sisters']",2020,,gaha publishing,,True,148 chapters,False,c39,16.1,244,425,1850,4475,530,959,4.6,114,,[21032],"[25222, 24810, 24694, 23993, 23950]"
35289,I Heard That I’m Super Fierce,['听说我超凶的[综恐]'],chinese,['曲奇碎可可'],"['action', 'adventure', 'fantasy']","['female protagonist', 'ghosts', 'protagonist strong from the start', 'quirky characters']",,,,,False,152 chapters,False,c82,0.6,721,860,4450,340,1564,6436,3.5,31,,[24274],
38437,I Only Treat Villains,"['I Only Deal With Villains', '악당만 취급합니다']",korean,['moon sihyun'],"['adventure', 'comedy', 'drama', 'fantasy', 'harem', 'romance', 'shoujo']","['adapted to manhwa', 'aristocracy', 'beautiful female lead', 'calm protagonist', 'character growth', 'clever protagonist', 'cold love interests', 'cold protagonist', 'crime', 'devoted love interests', 'different social status', 'doting love interests', 'european ambience', 'female protagonist', 'glasses-wearing love interests', 'handsome male lead', 'hard-working protagonist', 'healers', 'love interest falls in love first', 'magic', 'multiple personalities', 'nobles', 'reincarnated in another world', 'reincarnation', 'reverse harem', 'store owner', 'strong love interests']",2020,False,kakaopage,,False,160 chapters,False,c8,5.8,676,1010,5315,1148,1113,3645,4.2,22,,[32539],"[25224, 25222, 24965, 23322, 23134]"
23805,I Really Am a Slag Shou!,"['IRASS', 'Tôi thực sự là tra thụ', '我真的是渣受']",chinese,"['your glory', '你的荣光']","['comedy', 'drama', 'romance', 'shounen ai', 'tragedy', 'yaoi']","['ancient times', 'cute protagonist', 'dense protagonist', 'episodic', 'handsome male lead', 'love interest falls in love first', 'male yandere', 'misunderstandings', 'modern day', 'mpreg', 'naive protagonist', 'older love interests', 'possessive characters', 'r*pe victim becomes lover', 'r*pe', 'system administrator', 'transmigration', 'world hopping']",2019,,jjwxc,,True,181 chapters,False,c126,1.1,36,23,794,5012,40,782,4.5,188,,[20139],"[25231, 25207, 24913, 24868, 24158]"
38075,I Transmigrated into the Villainess of a Historical Reverse-Harem Game,['사극 역하렘 게임의 악역에 빙의했다'],korean,['박록주'],"['fantasy', 'harem', 'romance', 'shoujo', 'supernatural']","['aristocracy', 'arranged marriage', 'beautiful female lead', 'cold love interests', 'contracts', 'doting love interests', 'female protagonist', 'handsome male lead', 'hard-working protagonist', 'hated protagonist', 'mob protagonist', 'nobles', 'obsessive love', 'possessive characters', 'reverse harem', 'transmigration', 'unrequited love', 'villainess noble girls', 'weak to strong', 'wealthy characters']",2020,False,ridibooks,,False,,False,c11,5.1,822,1192,5735,775,1490,4527,3.5,13,,[24154],"[23968, 23351, 23340, 22745, 22737]"
32309,I Woke up and Was Pregnant,['一觉醒来我怀孕了'],chinese,['楼不危'],"['drama', 'romance', 'slice of life', 'yaoi']","['calm protagonist', 'character growth', 'cold love interests', 'complex family relationships', 'determined protagonist', 'devoted love interests', 'disabilities', 'doting love interests', 'early romance', 'famous protagonist', 'handsome male lead', 'hard-working protagonist', 'hiding true identity', 'modern day', 'mpreg', 'protagonist falls in love first', 'showbiz', 'wealthy characters']",2019,False,jjwxc,,False,141 chapters,False,c80,2.4,555,280,2293,1591,375,2932,3.9,59,,[33892],"[23830, 23189, 22906, 22766, 21623]"
10717,Immortal and Martial Dual Cultivation,"['IMDC', '仙武同修']",chinese,"['moon like fire', 'yuè rú huǒ', '月如火']","['action', 'adventure', 'fantasy', 'martial arts', 'shounen', 'xianxia', 'xuanhuan']","['alchemy', 'beast companions', 'bloodlines', 'body tempering', 'buddhism', 'clan building', 'crafting', 'cultivation', 'demons', 'dragons', 'inheritance', 'male protagonist', 'nobles', 'pill concocting', 'romantic subplot', 'ruthless protagonist', 'transported to another world', 'unique cultivation technique', 'weak to strong']",2008,True,zongheng,gravity tales,True,2549 chapters,False,c2259,0.5,131,145,172,5141,143,749,3.3,234,,[8075],"[24920, 22621, 21902, 17058, 10351]"
